position,wild_residue,wild_score,information_content_bits,conservation,best_residue,best_score,second_best_residue,second_best_score,worst_residue,worst_score,favored_residues,rejected_residues
1,M,6,0.388,hypervariable,M,6,L,2,P,-3,M(6),D(-3);G(-3);P(-3)
2,F,6,0.708,variable,F,6,Y,3,P,-4,F(6);Y(3),R(-3);N(-3);Q(-3);E(-3);G(-3);K(-3);S(-3);D(-4);P(-4)
3,E,5,0.721,variable,E,5,Q,2,C,-4,E(5),I(-3);L(-3);F(-3);W(-3);V(-3);C(-4)
4,A,4,0.44,hypervariable,A,4,S,1,W,-3,A(4),W(-3)
5,R,6,0.744,variable,R,6,K,2,C,-4,R(6),I(-3);F(-3);W(-3);V(-3);C(-4)
6,L,4,0.429,hypervariable,L,4,I,2,G,-4,L(4),E(-3);H(-3);K(-3);P(-3);S(-3);N(-4);D(-4);G(-4)
7,V,4,0.318,hypervariable,V,4,I,3,G,-4,V(4);I(3),R(-3);N(-3);D(-3);E(-3);H(-3);K(-3);P(-3);W(-3);G(-4)
8,Q,6,0.736,variable,Q,6,E,2,F,-3,Q(6),C(-3);I(-3);F(-3)
9,G,6,1.12,moderately conserved,G,6,A,0,L,-4,G(6),C(-3);M(-3);F(-3);W(-3);Y(-3);V(-3);I(-4);L(-4)
10,S,4,0.408,hypervariable,S,4,A,1,W,-3,S(4),W(-3)
11,I,4,0.357,hypervariable,I,4,V,3,G,-4,I(4);V(3),R(-3);N(-3);D(-3);Q(-3);E(-3);H(-3);K(-3);P(-3);W(-3);G(-4)
12,L,4,0.45,hypervariable,L,4,I,2,G,-4,L(4),E(-3);H(-3);K(-3);P(-3);S(-3);N(-4);D(-4);G(-4)
13,K,5,0.615,variable,K,5,R,2,W,-3,K(5),C(-3);I(-3);L(-3);F(-3);W(-3)
14,K,5,0.542,variable,K,5,R,3,W,-3,K(5);R(3),C(-3);I(-3);F(-3);W(-3)
15,V,4,0.279,hypervariable,V,4,I,2,W,-3,V(4),R(-3);G(-3);H(-3);W(-3)
16,L,4,0.396,hypervariable,L,4,M,2,G,-4,L(4),N(-3);E(-3);H(-3);D(-4);G(-4)
17,E,5,0.73,variable,E,5,D,2,C,-4,E(5),I(-3);L(-3);F(-3);W(-3);V(-3);C(-4)
18,A,4,0.382,hypervariable,A,4,S,1,W,-3,A(4),W(-3)
19,L,4,0.45,hypervariable,L,4,I,2,G,-4,L(4),E(-3);H(-3);K(-3);P(-3);S(-3);N(-4);D(-4);G(-4)
20,K,5,0.615,variable,K,5,R,2,W,-3,K(5),C(-3);I(-3);L(-3);F(-3);W(-3)
21,D,6,0.92,variable,D,6,E,2,W,-4,D(6),I(-3);M(-3);Y(-3);V(-3);C(-4);L(-4);F(-4);W(-4)
22,L,4,0.419,hypervariable,L,4,I,2,G,-4,L(4),E(-3);H(-3);K(-3);P(-3);S(-3);N(-4);D(-4);G(-4)
23,I,4,0.378,hypervariable,I,4,V,3,G,-4,I(4);V(3),R(-3);N(-3);D(-3);Q(-3);E(-3);H(-3);K(-3);P(-3);S(-3);W(-3);G(-4)
24,N,4,0.417,hypervariable,N,4,T,3,W,-3,N(4);T(3),F(-3);W(-3)
25,E,5,0.754,variable,E,5,D,2,C,-4,E(5),I(-3);L(-3);F(-3);W(-3);V(-3);C(-4)
26,A,4,0.39,hypervariable,A,4,S,1,W,-3,A(4),W(-3)
27,C,9,1.271,moderately conserved,C,9,Y,0,E,-4,C(9),N(-3);Q(-3);G(-3);H(-3);K(-3);P(-3);R(-4);D(-4);E(-4)
28,W,11,2.48,highly conserved,W,11,Y,2,D,-5,W(11),A(-3);R(-3);C(-3);E(-3);G(-3);H(-3);I(-3);K(-3);S(-3);T(-3);V(-3);N(-4);P(-4);D(-5)
29,D,6,0.962,variable,D,6,E,2,W,-5,D(6),I(-3);M(-3);Y(-3);V(-3);C(-4);L(-4);F(-4);W(-5)
30,I,4,0.322,hypervariable,I,4,V,3,G,-4,I(4);V(3),R(-3);N(-3);D(-3);Q(-3);E(-3);H(-3);K(-3);P(-3);W(-3);G(-4)
31,S,4,0.42,hypervariable,S,4,G,2,W,-3,S(4),I(-3);L(-3);F(-3);W(-3)
32,S,4,0.41,hypervariable,S,4,A,1,W,-3,S(4),W(-3)
33,S,3,0.451,hypervariable,G,3,S,3,W,-3,G(3);S(3),I(-3);L(-3);F(-3);W(-3)
34,G,6,1.02,moderately conserved,G,6,A,0,L,-4,G(6),C(-3);M(-3);F(-3);W(-3);Y(-3);V(-3);I(-4);L(-4)
35,V,3,0.336,hypervariable,I,4,V,3,G,-4,I(4);V(3),R(-3);N(-3);D(-3);Q(-3);E(-3);H(-3);K(-3);P(-3);W(-3);G(-4)
36,N,4,0.466,hypervariable,N,4,S,3,W,-3,N(4);S(3),I(-3);L(-3);F(-3);W(-3)
37,L,4,0.45,hypervariable,L,4,I,2,G,-4,L(4),E(-3);H(-3);K(-3);P(-3);S(-3);N(-4);D(-4);G(-4)
38,Q,6,0.737,variable,Q,6,E,2,F,-3,Q(6),C(-3);I(-3);F(-3)
39,S,4,0.494,hypervariable,S,4,A,1,W,-3,S(4),I(-3);L(-3);F(-3);W(-3)
40,M,6,0.381,hypervariable,M,6,L,2,P,-3,M(6),D(-3);G(-3);P(-3)
41,D,6,0.962,variable,D,6,E,2,W,-5,D(6),I(-3);M(-3);Y(-3);V(-3);C(-4);L(-4);F(-4);W(-5)
42,S,4,0.494,hypervariable,S,4,A,1,W,-3,S(4),I(-3);L(-3);F(-3);W(-3)
43,S,4,0.427,hypervariable,S,4,A,1,W,-3,S(4),W(-3)
44,H,8,0.929,variable,H,8,Y,2,I,-4,H(8),C(-3);L(-3);W(-3);V(-3);I(-4)
45,V,4,0.358,hypervariable,V,4,I,3,W,-3,V(4);I(3),R(-3);N(-3);D(-3);E(-3);G(-3);H(-3);P(-3);W(-3)
46,S,4,0.494,hypervariable,S,4,A,1,W,-3,S(4),I(-3);L(-3);F(-3);W(-3)
47,L,4,0.42,hypervariable,L,4,I,2,G,-4,L(4),E(-3);H(-3);K(-3);P(-3);S(-3);N(-4);D(-4);G(-4)
48,V,4,0.338,hypervariable,V,4,I,3,W,-3,V(4);I(3),R(-3);N(-3);D(-3);E(-3);G(-3);H(-3);P(-3);W(-3)
49,Q,6,0.737,variable,Q,6,E,2,F,-3,Q(6),C(-3);I(-3);F(-3)
50,L,4,0.432,hypervariable,L,4,I,2,G,-4,L(4),E(-3);H(-3);K(-3);P(-3);S(-3);N(-4);D(-4);G(-4)
51,T,5,0.504,variable,T,5,S,1,W,-3,T(5),W(-3)
52,L,4,0.406,hypervariable,L,4,M,3,G,-4,L(4);M(3),N(-3);E(-3);H(-3);P(-3);D(-4);G(-4)
53,R,6,0.708,variable,R,6,H,3,C,-4,R(6);H(3),I(-3);F(-3);W(-3);V(-3);C(-4)
54,S,4,0.494,hypervariable,S,4,A,1,W,-3,S(4),I(-3);L(-3);F(-3);W(-3)
55,E,4,0.682,variable,D,4,E,4,F,-4,D(4);E(4),I(-3);L(-3);W(-3);Y(-3);V(-3);C(-4);F(-4)
56,G,6,1.12,moderately conserved,G,6,A,0,L,-4,G(6),C(-3);M(-3);F(-3);W(-3);Y(-3);V(-3);I(-4);L(-4)
57,F,6,0.75,variable,F,6,Y,3,P,-4,F(6);Y(3),R(-3);N(-3);C(-3);Q(-3);E(-3);G(-3);K(-3);S(-3);D(-4);P(-4)
58,D,6,0.89,variable,D,6,N,1,W,-4,D(6),I(-3);M(-3);Y(-3);V(-3);C(-4);L(-4);F(-4);W(-4)
59,T,4,0.412,hypervariable,T,4,S,2,W,-3,T(4),W(-3)
60,Y,7,0.959,variable,Y,7,F,3,P,-3,Y(7);F(3),D(-3);C(-3);G(-3);P(-3)
61,R,6,0.813,variable,R,6,K,2,C,-4,R(6),I(-3);F(-3);W(-3);V(-3);C(-4)
62,C,9,1.388,moderately conserved,C,9,A,-1,E,-4,C(9),N(-3);Q(-3);G(-3);H(-3);K(-3);F(-3);P(-3);W(-3);Y(-3);R(-4);D(-4);E(-4)
63,D,6,0.962,variable,D,6,E,2,W,-5,D(6),I(-3);M(-3);Y(-3);V(-3);C(-4);L(-4);F(-4);W(-5)
64,R,5,0.632,variable,R,5,C,3,W,-3,R(5);C(3),I(-3);F(-3);W(-3)
65,N,6,0.817,variable,N,6,D,1,W,-4,N(6),C(-3);I(-3);F(-3);V(-3);L(-4);W(-4)
66,L,4,0.304,hypervariable,L,4,I,2,G,-4,L(4),N(-3);D(-3);P(-3);G(-4)
67,A,4,0.412,hypervariable,A,4,S,2,W,-3,A(4),W(-3)
68,M,6,0.346,hypervariable,M,6,I,2,P,-3,M(6),D(-3);G(-3);P(-3)
69,G,6,1.12,moderately conserved,G,6,A,0,L,-4,G(6),C(-3);M(-3);F(-3);W(-3);Y(-3);V(-3);I(-4);L(-4)
70,V,4,0.332,hypervariable,V,4,I,3,W,-3,V(4);I(3),R(-3);N(-3);D(-3);E(-3);G(-3);H(-3);P(-3);W(-3)
71,N,6,0.687,variable,N,6,D,1,W,-4,N(6),C(-3);I(-3);L(-3);F(-3);V(-3);W(-4)
72,L,4,0.419,hypervariable,L,4,M,3,G,-4,L(4);M(3),N(-3);E(-3);H(-3);P(-3);D(-4);G(-4)
73,T,4,0.34,hypervariable,T,4,S,2,W,-3,T(4),W(-3)
74,S,4,0.494,hypervariable,S,4,A,1,W,-3,S(4),I(-3);L(-3);F(-3);W(-3)
75,M,6,0.402,hypervariable,M,6,L,2,P,-3,M(6),D(-3);G(-3);P(-3)
76,S,4,0.476,hypervariable,S,4,A,1,W,-3,S(4),L(-3);F(-3);W(-3)
77,K,5,0.615,variable,K,5,R,2,W,-3,K(5),C(-3);I(-3);L(-3);F(-3);W(-3)
78,I,4,0.356,hypervariable,I,4,V,3,G,-4,I(4);V(3),R(-3);N(-3);D(-3);Q(-3);E(-3);H(-3);K(-3);P(-3);W(-3);G(-4)
79,L,4,0.45,hypervariable,L,4,I,2,G,-4,L(4),E(-3);H(-3);K(-3);P(-3);S(-3);N(-4);D(-4);G(-4)
80,K,5,0.615,variable,K,5,R,2,W,-3,K(5),C(-3);I(-3);L(-3);F(-3);W(-3)
81,C,9,1.388,moderately conserved,C,9,A,-1,E,-4,C(9),N(-3);Q(-3);G(-3);H(-3);K(-3);F(-3);P(-3);W(-3);Y(-3);R(-4);D(-4);E(-4)
82,A,4,0.44,hypervariable,A,4,S,1,W,-3,A(4),W(-3)
83,G,6,0.972,variable,G,6,A,1,L,-4,G(6),M(-3);F(-3);W(-3);Y(-3);V(-3);I(-4);L(-4)
84,N,6,0.732,variable,N,6,D,1,W,-4,N(6),C(-3);F(-3);V(-3);I(-4);L(-4);W(-4)
85,E,5,0.682,variable,E,5,D,4,F,-4,E(5);D(4),I(-3);L(-3);W(-3);V(-3);C(-4);F(-4)
86,D,6,0.962,variable,D,6,E,2,W,-5,D(6),I(-3);M(-3);Y(-3);V(-3);C(-4);L(-4);F(-4);W(-5)
87,I,4,0.343,hypervariable,I,4,V,3,G,-4,I(4);V(3),R(-3);N(-3);D(-3);Q(-3);E(-3);H(-3);K(-3);P(-3);W(-3);G(-4)
88,I,4,0.325,hypervariable,I,4,V,3,G,-4,I(4);V(3),R(-3);N(-3);D(-3);E(-3);H(-3);P(-3);W(-3);G(-4)
89,T,5,0.504,variable,T,5,S,1,W,-3,T(5),W(-3)
90,L,4,0.432,hypervariable,L,4,I,2,G,-4,L(4),E(-3);H(-3);K(-3);P(-3);S(-3);N(-4);D(-4);G(-4)
91,R,6,0.813,variable,R,6,K,2,C,-4,R(6),I(-3);F(-3);W(-3);V(-3);C(-4)
92,A,4,0.428,hypervariable,A,4,P,1,W,-3,A(4),W(-3)
93,E,5,0.754,variable,E,5,D,2,C,-4,E(5),I(-3);L(-3);F(-3);W(-3);V(-3);C(-4)
94,D,6,0.962,variable,D,6,E,2,W,-5,D(6),I(-3);M(-3);Y(-3);V(-3);C(-4);L(-4);F(-4);W(-5)
95,N,6,0.817,variable,N,6,D,1,W,-4,N(6),C(-3);I(-3);F(-3);V(-3);L(-4);W(-4)
96,A,4,0.44,hypervariable,A,4,S,1,W,-3,A(4),W(-3)
97,D,6,0.962,variable,D,6,E,2,W,-5,D(6),I(-3);M(-3);Y(-3);V(-3);C(-4);L(-4);F(-4);W(-5)
98,T,5,0.447,hypervariable,T,5,S,1,W,-3,T(5),W(-3)
99,L,4,0.412,hypervariable,L,4,I,2,G,-4,L(4),N(-3);E(-3);H(-3);K(-3);P(-3);S(-3);D(-4);G(-4)
100,A,3,0.292,hypervariable,A,3,S,1,W,-3,A(3),W(-3)
101,L,4,0.423,hypervariable,L,4,M,3,G,-4,L(4);M(3),N(-3);E(-3);H(-3);K(-3);P(-3);S(-3);D(-4);G(-4)
102,V,4,0.352,hypervariable,V,4,I,3,W,-3,V(4);I(3),R(-3);N(-3);D(-3);E(-3);G(-3);H(-3);P(-3);W(-3)
103,F,7,0.768,variable,F,7,Y,3,P,-4,F(7);Y(3),R(-3);N(-3);C(-3);Q(-3);E(-3);G(-3);K(-3);S(-3);D(-4);P(-4)
104,E,5,0.709,variable,E,5,Q,2,C,-4,E(5),I(-3);L(-3);F(-3);W(-3);V(-3);C(-4)
105,A,4,0.352,hypervariable,A,4,S,2,W,-3,A(4),W(-3)
106,P,7,1.648,moderately conserved,P,7,Q,1,W,-4,P(7),C(-3);L(-3);Y(-3);F(-4);W(-4)
107,N,6,0.817,variable,N,6,D,1,W,-4,N(6),C(-3);I(-3);F(-3);V(-3);L(-4);W(-4)
108,Q,6,0.689,variable,Q,6,E,2,F,-3,Q(6),C(-3);I(-3);F(-3)
109,E,5,0.754,variable,E,5,D,2,C,-4,E(5),I(-3);L(-3);F(-3);W(-3);V(-3);C(-4)
110,K,5,0.514,variable,K,5,R,2,W,-3,K(5),C(-3);F(-3);W(-3)
111,V,4,0.272,hypervariable,V,4,I,2,H,-3,V(4),N(-3);D(-3);G(-3);H(-3)
112,S,4,0.442,hypervariable,S,4,A,1,W,-3,S(4),W(-3)
113,D,6,0.851,variable,D,6,N,1,W,-4,D(6),C(-3);I(-3);L(-3);M(-3);F(-3);Y(-3);V(-3);W(-4)
114,Y,7,0.844,variable,Y,7,F,3,P,-3,Y(7);F(3),D(-3);G(-3);P(-3)
115,E,5,0.67,variable,E,5,Q,2,W,-3,E(5),C(-3);I(-3);L(-3);F(-3);W(-3)
116,M,6,0.344,hypervariable,M,6,L,2,G,-3,M(6),D(-3);G(-3)
117,K,5,0.546,variable,K,5,R,2,W,-3,K(5),C(-3);I(-3);F(-3);W(-3)
118,L,4,0.38,hypervariable,L,4,M,2,P,-3,L(4),N(-3);D(-3);E(-3);G(-3);H(-3);P(-3)
119,M,6,0.344,hypervariable,M,6,L,2,G,-3,M(6),D(-3);G(-3)
120,D,6,0.851,variable,D,6,N,1,W,-4,D(6),C(-3);I(-3);L(-3);M(-3);F(-3);Y(-3);V(-3);W(-4)
121,D,1,0.016,hypervariable,D,1,A,0,V,0,,
122,L,4,0.319,hypervariable,L,4,M,2,G,-3,L(4),N(-3);D(-3);G(-3)
123,D,6,0.851,variable,D,6,N,1,W,-4,D(6),C(-3);I(-3);L(-3);M(-3);F(-3);Y(-3);V(-3);W(-4)
124,V,4,0.301,hypervariable,V,4,I,3,W,-3,V(4);I(3),N(-3);D(-3);G(-3);H(-3);W(-3)
125,E,5,0.67,variable,E,5,Q,2,W,-3,E(5),C(-3);I(-3);L(-3);F(-3);W(-3)
126,Q,5,0.626,variable,Q,5,E,2,F,-3,Q(5),C(-3);I(-3);F(-3)
127,L,4,0.315,hypervariable,L,4,M,2,P,-3,L(4),N(-3);D(-3);G(-3);P(-3)
128,G,6,0.992,variable,G,6,A,0,I,-4,G(6),L(-3);M(-3);F(-3);Y(-3);V(-3);I(-4)
129,I,4,0.285,hypervariable,I,4,V,2,P,-3,I(4),R(-3);N(-3);D(-3);Q(-3);E(-3);G(-3);H(-3);K(-3);P(-3)
130,P,8,1.861,moderately conserved,P,8,A,-1,Y,-3,P(8),C(-3);I(-3);L(-3);F(-3);W(-3);Y(-3)
131,E,5,0.731,variable,E,5,D,2,C,-4,E(5),I(-3);L(-3);F(-3);W(-3);V(-3);C(-4)
132,Q,6,0.737,variable,Q,6,E,2,F,-3,Q(6),C(-3);I(-3);F(-3)
133,E,5,0.727,variable,E,5,D,2,C,-4,E(5),I(-3);L(-3);F(-3);W(-3);V(-3);C(-4)
134,Y,7,0.892,variable,Y,7,H,3,P,-3,Y(7);H(3);F(3),D(-3);C(-3);G(-3);P(-3)
135,S,4,0.494,hypervariable,S,4,A,1,W,-3,S(4),I(-3);L(-3);F(-3);W(-3)
136,C,9,1.27,moderately conserved,C,9,A,0,E,-4,C(9),R(-3);N(-3);Q(-3);H(-3);K(-3);F(-3);P(-3);W(-3);Y(-3);D(-4);E(-4)
137,V,4,0.352,hypervariable,V,4,I,3,W,-3,V(4);I(3),R(-3);N(-3);D(-3);E(-3);G(-3);H(-3);P(-3);W(-3)
138,V,4,0.343,hypervariable,V,4,I,3,W,-3,V(4);I(3),R(-3);N(-3);D(-3);E(-3);G(-3);H(-3);P(-3);W(-3)
139,K,5,0.615,variable,K,5,R,2,W,-3,K(5),C(-3);I(-3);L(-3);F(-3);W(-3)
140,M,6,0.373,hypervariable,M,6,L,2,P,-3,M(6),D(-3);G(-3);P(-3)
141,P,7,1.702,moderately conserved,P,7,T,0,W,-4,P(7),C(-3);F(-3);Y(-3);W(-4)
142,S,4,0.469,hypervariable,S,4,A,1,W,-3,S(4),L(-3);F(-3);W(-3)
143,G,6,1.007,moderately conserved,G,6,A,1,L,-4,G(6),M(-3);F(-3);W(-3);Y(-3);V(-3);I(-4);L(-4)
144,E,5,0.754,variable,E,5,D,2,C,-4,E(5),I(-3);L(-3);F(-3);W(-3);V(-3);C(-4)
145,F,7,0.768,variable,F,7,Y,3,P,-4,F(7);Y(3),R(-3);N(-3);C(-3);Q(-3);E(-3);G(-3);K(-3);S(-3);D(-4);P(-4)
146,A,4,0.422,hypervariable,A,4,S,1,W,-3,A(4),W(-3)
147,R,6,0.737,variable,R,6,K,2,V,-3,R(6),G(-3);I(-3);F(-3);W(-3);V(-3)
148,I,4,0.356,hypervariable,I,4,V,3,G,-4,I(4);V(3),R(-3);N(-3);D(-3);Q(-3);E(-3);H(-3);K(-3);P(-3);W(-3);G(-4)
149,C,9,1.388,moderately conserved,C,9,A,-1,E,-4,C(9),N(-3);Q(-3);G(-3);H(-3);K(-3);F(-3);P(-3);W(-3);Y(-3);R(-4);D(-4);E(-4)
150,R,6,0.813,variable,R,6,K,2,C,-4,R(6),I(-3);F(-3);W(-3);V(-3);C(-4)
151,D,6,0.911,variable,D,6,E,2,W,-4,D(6),I(-3);M(-3);Y(-3);V(-3);C(-4);L(-4);F(-4);W(-4)
152,L,4,0.419,hypervariable,L,4,M,2,G,-4,L(4),E(-3);H(-3);K(-3);P(-3);S(-3);N(-4);D(-4);G(-4)
153,S,4,0.494,hypervariable,S,4,A,1,W,-3,S(4),I(-3);L(-3);F(-3);W(-3)
154,H,6,0.632,variable,H,6,Q,4,V,-3,H(6);Q(4),C(-3);I(-3);L(-3);V(-3)
155,I,4,0.369,hypervariable,I,4,V,3,G,-4,I(4);V(3),R(-3);N(-3);D(-3);Q(-3);E(-3);H(-3);K(-3);P(-3);W(-3);G(-4)
156,G,6,1.12,moderately conserved,G,6,A,0,L,-4,G(6),C(-3);M(-3);F(-3);W(-3);Y(-3);V(-3);I(-4);L(-4)
157,D,6,0.909,variable,D,6,N,2,W,-4,D(6),I(-3);M(-3);Y(-3);V(-3);C(-4);L(-4);F(-4);W(-4)
158,A,4,0.422,hypervariable,A,4,S,1,W,-3,A(4),W(-3)
159,V,4,0.343,hypervariable,V,4,I,3,W,-3,V(4);I(3),R(-3);N(-3);D(-3);E(-3);G(-3);H(-3);P(-3);W(-3)
160,V,3,0.211,hypervariable,V,3,I,2,H,-3,V(3),D(-3);H(-3)
161,I,4,0.378,hypervariable,I,4,V,3,G,-4,I(4);V(3),R(-3);N(-3);D(-3);Q(-3);E(-3);H(-3);K(-3);P(-3);S(-3);W(-3);G(-4)
162,S,4,0.444,hypervariable,S,4,C,2,W,-3,S(4),F(-3);W(-3)
163,C,9,1.388,moderately conserved,C,9,A,-1,E,-4,C(9),N(-3);Q(-3);G(-3);H(-3);K(-3);F(-3);P(-3);W(-3);Y(-3);R(-4);D(-4);E(-4)
164,A,4,0.344,hypervariable,A,4,S,1,W,-3,A(4),W(-3)
165,K,5,0.587,variable,K,5,R,2,W,-3,K(5),C(-3);I(-3);L(-3);F(-3);W(-3)
166,D,6,0.886,variable,D,6,W,3,L,-4,D(6);W(3),I(-3);M(-3);F(-3);V(-3);C(-4);L(-4)
167,G,6,1.12,moderately conserved,G,6,A,0,L,-4,G(6),C(-3);M(-3);F(-3);W(-3);Y(-3);V(-3);I(-4);L(-4)
168,V,4,0.233,hypervariable,V,4,I,2,W,-3,V(4),N(-3);H(-3);W(-3)
169,K,5,0.569,variable,K,5,R,2,W,-3,K(5),C(-3);I(-3);L(-3);F(-3);W(-3)
170,F,7,0.768,variable,F,7,Y,3,P,-4,F(7);Y(3),R(-3);N(-3);C(-3);Q(-3);E(-3);G(-3);K(-3);S(-3);D(-4);P(-4)
171,S,4,0.415,hypervariable,S,4,A,1,W,-3,S(4),W(-3)
172,A,4,0.345,hypervariable,A,4,G,1,W,-3,A(4),W(-3)
173,S,3,0.36,hypervariable,S,3,T,2,W,-3,S(3),W(-3)
174,G,6,1.009,moderately conserved,G,6,A,0,L,-4,G(6),C(-3);M(-3);F(-3);W(-3);Y(-3);V(-3);I(-4);L(-4)
175,E,5,0.648,variable,E,5,Q,2,V,-3,E(5),C(-3);I(-3);L(-3);F(-3);W(-3);V(-3)
176,L,4,0.45,hypervariable,L,4,I,2,G,-4,L(4),E(-3);H(-3);K(-3);P(-3);S(-3);N(-4);D(-4);G(-4)
177,G,6,1.12,moderately conserved,G,6,A,0,L,-4,G(6),C(-3);M(-3);F(-3);W(-3);Y(-3);V(-3);I(-4);L(-4)
178,N,4,0.465,hypervariable,N,4,T,3,W,-3,N(4);T(3),F(-3);W(-3)
179,G,6,1.12,moderately conserved,G,6,A,0,L,-4,G(6),C(-3);M(-3);F(-3);W(-3);Y(-3);V(-3);I(-4);L(-4)
180,N,6,0.817,variable,N,6,D,1,W,-4,N(6),C(-3);I(-3);F(-3);V(-3);L(-4);W(-4)
181,I,4,0.355,hypervariable,I,4,V,3,G,-4,I(4);V(3),R(-3);N(-3);D(-3);Q(-3);E(-3);H(-3);K(-3);P(-3);W(-3);G(-4)
182,K,5,0.615,variable,K,5,R,2,W,-3,K(5),C(-3);I(-3);L(-3);F(-3);W(-3)
183,L,4,0.45,hypervariable,L,4,I,2,G,-4,L(4),E(-3);H(-3);K(-3);P(-3);S(-3);N(-4);D(-4);G(-4)
184,S,4,0.494,hypervariable,S,4,A,1,W,-3,S(4),I(-3);L(-3);F(-3);W(-3)
185,Q,6,0.737,variable,Q,6,E,2,F,-3,Q(6),C(-3);I(-3);F(-3)
186,T,5,0.458,hypervariable,T,5,S,1,W,-3,T(5),W(-3)
187,S,4,0.437,hypervariable,S,4,A,1,W,-3,S(4),I(-3);L(-3);F(-3);W(-3)
188,N,6,0.714,variable,N,6,D,2,W,-4,N(6),C(-3);I(-3);F(-3);V(-3);L(-4);W(-4)
189,V,4,0.321,hypervariable,V,4,I,3,W,-3,V(4);I(3),R(-3);N(-3);D(-3);G(-3);H(-3);W(-3)
190,D,6,0.962,variable,D,6,E,2,W,-5,D(6),I(-3);M(-3);Y(-3);V(-3);C(-4);L(-4);F(-4);W(-5)
191,K,5,0.615,variable,K,5,R,2,W,-3,K(5),C(-3);I(-3);L(-3);F(-3);W(-3)
192,E,5,0.754,variable,E,5,D,2,C,-4,E(5),I(-3);L(-3);F(-3);W(-3);V(-3);C(-4)
193,E,5,0.733,variable,E,5,D,2,C,-4,E(5),I(-3);L(-3);F(-3);W(-3);V(-3);C(-4)
194,E,5,0.754,variable,E,5,D,2,C,-4,E(5),I(-3);L(-3);F(-3);W(-3);V(-3);C(-4)
195,A,4,0.44,hypervariable,A,4,S,1,W,-3,A(4),W(-3)
196,V,4,0.323,hypervariable,V,4,I,3,W,-3,V(4);I(3),R(-3);N(-3);D(-3);E(-3);G(-3);H(-3);W(-3)
197,T,5,0.504,variable,T,5,S,1,W,-3,T(5),W(-3)
198,I,4,0.378,hypervariable,I,4,V,3,G,-4,I(4);V(3),R(-3);N(-3);D(-3);Q(-3);E(-3);H(-3);K(-3);P(-3);S(-3);W(-3);G(-4)
199,E,5,0.673,variable,E,5,D,2,C,-4,E(5),I(-3);L(-3);F(-3);W(-3);V(-3);C(-4)
200,M,6,0.385,hypervariable,M,6,L,2,P,-3,M(6),D(-3);G(-3);P(-3)
201,N,6,0.733,variable,N,6,D,1,W,-4,N(6),C(-3);I(-3);F(-3);V(-3);L(-4);W(-4)
202,E,5,0.754,variable,E,5,D,2,C,-4,E(5),I(-3);L(-3);F(-3);W(-3);V(-3);C(-4)
203,P,7,1.761,moderately conserved,P,7,A,0,W,-4,P(7),C(-3);I(-3);L(-3);Y(-3);F(-4);W(-4)
204,V,4,0.358,hypervariable,V,4,I,3,W,-3,V(4);I(3),R(-3);N(-3);D(-3);E(-3);G(-3);H(-3);P(-3);W(-3)
205,Q,5,0.659,variable,Q,5,H,3,F,-3,Q(5);H(3),C(-3);I(-3);F(-3)
206,L,4,0.45,hypervariable,L,4,I,2,G,-4,L(4),E(-3);H(-3);K(-3);P(-3);S(-3);N(-4);D(-4);G(-4)
207,T,5,0.392,hypervariable,T,5,I,1,W,-3,T(5),W(-3)
208,F,7,0.768,variable,F,7,Y,3,P,-4,F(7);Y(3),R(-3);N(-3);C(-3);Q(-3);E(-3);G(-3);K(-3);S(-3);D(-4);P(-4)
209,A,4,0.44,hypervariable,A,4,S,1,W,-3,A(4),W(-3)
210,L,4,0.45,hypervariable,L,4,I,2,G,-4,L(4),E(-3);H(-3);K(-3);P(-3);S(-3);N(-4);D(-4);G(-4)
211,R,5,0.592,variable,R,5,N,2,V,-3,R(5),C(-3);I(-3);L(-3);F(-3);W(-3);V(-3)
212,Y,7,0.959,variable,Y,7,F,3,P,-3,Y(7);F(3),D(-3);C(-3);G(-3);P(-3)
213,L,4,0.398,hypervariable,L,4,M,2,G,-4,L(4),N(-3);E(-3);H(-3);D(-4);G(-4)
214,N,6,0.817,variable,N,6,D,1,W,-4,N(6),C(-3);I(-3);F(-3);V(-3);L(-4);W(-4)
215,F,6,0.753,variable,F,6,Y,3,P,-4,F(6);Y(3),R(-3);N(-3);C(-3);Q(-3);E(-3);G(-3);K(-3);S(-3);D(-4);P(-4)
216,F,7,0.768,variable,F,7,Y,3,P,-4,F(7);Y(3),R(-3);N(-3);C(-3);Q(-3);E(-3);G(-3);K(-3);S(-3);D(-4);P(-4)
217,T,5,0.504,variable,T,5,S,1,W,-3,T(5),W(-3)
218,K,5,0.615,variable,K,5,R,2,W,-3,K(5),C(-3);I(-3);L(-3);F(-3);W(-3)
219,A,4,0.427,hypervariable,A,4,P,1,W,-3,A(4),W(-3)
220,T,5,0.481,hypervariable,T,5,P,1,W,-3,T(5),W(-3)
221,P,8,2.071,highly conserved,P,8,A,-1,W,-4,P(8),C(-3);I(-3);L(-3);M(-3);Y(-3);V(-3);F(-4);W(-4)
222,L,4,0.435,hypervariable,L,4,I,2,G,-4,L(4),E(-3);H(-3);K(-3);P(-3);S(-3);N(-4);D(-4);G(-4)
223,S,4,0.461,hypervariable,S,4,C,2,W,-3,S(4),L(-3);F(-3);W(-3)
224,S,1,0.955,variable,P,6,K,1,Y,-3,P(6),C(-3);I(-3);L(-3);F(-3);W(-3);Y(-3)
225,T,5,0.468,hypervariable,T,5,S,1,W,-3,T(5),W(-3)
226,V,4,0.358,hypervariable,V,4,I,3,W,-3,V(4);I(3),R(-3);N(-3);D(-3);E(-3);G(-3);H(-3);P(-3);W(-3)
227,T,4,0.37,hypervariable,T,4,I,1,W,-3,T(4),W(-3)
228,L,4,0.45,hypervariable,L,4,I,2,G,-4,L(4),E(-3);H(-3);K(-3);P(-3);S(-3);N(-4);D(-4);G(-4)
229,S,4,0.415,hypervariable,S,4,A,1,W,-3,S(4),I(-3);L(-3);F(-3);W(-3)
230,M,6,0.402,hypervariable,M,6,L,2,P,-3,M(6),D(-3);G(-3);P(-3)
231,S,4,0.494,hypervariable,S,4,A,1,W,-3,S(4),I(-3);L(-3);F(-3);W(-3)
232,A,4,0.427,hypervariable,A,4,P,1,W,-3,A(4),W(-3)
233,D,6,0.897,variable,D,6,N,1,W,-4,D(6),I(-3);M(-3);Y(-3);V(-3);C(-4);L(-4);F(-4);W(-4)
234,V,4,0.339,hypervariable,V,4,I,3,W,-3,V(4);I(3),R(-3);N(-3);D(-3);E(-3);G(-3);H(-3);K(-3);P(-3);W(-3)
235,P,8,2.071,highly conserved,P,8,A,-1,W,-4,P(8),C(-3);I(-3);L(-3);M(-3);Y(-3);V(-3);F(-4);W(-4)
236,L,4,0.45,hypervariable,L,4,I,2,G,-4,L(4),E(-3);H(-3);K(-3);P(-3);S(-3);N(-4);D(-4);G(-4)
237,V,4,0.351,hypervariable,V,4,I,3,W,-3,V(4);I(3),R(-3);N(-3);D(-3);E(-3);G(-3);H(-3);P(-3);W(-3)
238,V,4,0.358,hypervariable,V,4,I,3,W,-3,V(4);I(3),R(-3);N(-3);D(-3);E(-3);G(-3);H(-3);P(-3);W(-3)
239,E,5,0.754,variable,E,5,D,2,C,-4,E(5),I(-3);L(-3);F(-3);W(-3);V(-3);C(-4)
240,Y,7,0.863,variable,Y,7,F,3,P,-3,Y(7);F(3),C(-3);G(-3);P(-3)
241,K,5,0.557,variable,K,5,R,2,W,-3,K(5),C(-3);I(-3);L(-3);F(-3);W(-3)
242,I,4,0.377,hypervariable,I,4,V,3,G,-4,I(4);V(3),R(-3);N(-3);D(-3);Q(-3);E(-3);H(-3);K(-3);P(-3);S(-3);W(-3);G(-4)
243,D,6,0.961,variable,D,6,E,2,W,-5,D(6),I(-3);M(-3);Y(-3);V(-3);C(-4);L(-4);F(-4);W(-5)
244,M,6,0.39,hypervariable,M,6,L,2,P,-3,M(6),D(-3);G(-3);P(-3)
245,G,6,0.949,variable,G,6,A,0,L,-4,G(6),C(-3);M(-3);F(-3);W(-3);Y(-3);V(-3);I(-4);L(-4)
246,H,8,0.873,variable,H,8,Y,2,V,-3,H(8),C(-3);I(-3);L(-3);W(-3);V(-3)
247,L,3,0.327,hypervariable,L,3,I,2,G,-4,L(3),N(-3);E(-3);H(-3);K(-3);P(-3);D(-4);G(-4)
248,K,5,0.615,variable,K,5,R,2,W,-3,K(5),C(-3);I(-3);L(-3);F(-3);W(-3)
249,Y,7,0.901,variable,Y,7,H,3,P,-3,Y(7);H(3);F(3),D(-3);C(-3);G(-3);P(-3)
250,Y,7,0.956,variable,Y,7,F,3,P,-3,Y(7);F(3),D(-3);C(-3);G(-3);P(-3)
251,L,4,0.449,hypervariable,L,4,I,2,G,-4,L(4),E(-3);H(-3);K(-3);P(-3);S(-3);N(-4);D(-4);G(-4)
252,A,4,0.378,hypervariable,A,4,S,1,W,-3,A(4),W(-3)
253,P,8,2.069,highly conserved,P,8,A,-1,W,-4,P(8),C(-3);I(-3);L(-3);M(-3);Y(-3);V(-3);F(-4);W(-4)
254,K,5,0.583,variable,K,5,R,2,W,-3,K(5),C(-3);I(-3);L(-3);F(-3);W(-3)
255,I,4,0.365,hypervariable,I,4,V,3,G,-4,I(4);V(3),R(-3);N(-3);D(-3);Q(-3);E(-3);H(-3);K(-3);P(-3);S(-3);W(-3);G(-4)
256,E,5,0.729,variable,E,5,D,2,C,-4,E(5),I(-3);L(-3);F(-3);W(-3);V(-3);C(-4)
257,D,6,0.917,variable,D,6,E,2,W,-4,D(6),I(-3);M(-3);Y(-3);V(-3);C(-4);L(-4);F(-4);W(-4)
258,E,5,0.627,variable,E,5,Q,3,C,-4,E(5);Q(3),I(-3);L(-3);F(-3);W(-3);V(-3);C(-4)
259,E,5,0.685,variable,E,5,Q,3,C,-4,E(5);Q(3),I(-3);L(-3);F(-3);W(-3);V(-3);C(-4)
260,G,3,0.356,hypervariable,G,3,A,2,W,-3,G(3),I(-3);L(-3);F(-3);W(-3)
261,S,4,0.426,hypervariable,S,4,A,2,W,-3,S(4),F(-3);W(-3)
